{"cameraMode":{"drawMode":0,"name":"Shaded","section":"Shading Mode"},"sceneLighting":false,"audioPlay":false,"sceneViewState":{"m_AlwaysRefresh":false,"showFog":true,"showSkybox":false,"showFlares":true,"showImageEffects":true,"showParticleSystems":true,"showVisualEffectGraphs":true,"m_FxEnabled":true},"in2DMode":false,"pivot":{"x":1.7568349838256837,"y":6.094145774841309,"z":2.346769332885742},"rotation":{"x":-0.04433797299861908,"y":0.20412524044513703,"z":-0.009256085380911827,"w":-0.9779135584831238},"size":6.714654922485352,"orthographic":false}