{"cameraMode":{"drawMode":0,"name":"Shaded","section":"Shading Mode"},"sceneLighting":true,"audioPlay":false,"sceneViewState":{"m_AlwaysRefresh":false,"showFog":true,"showSkybox":true,"showFlares":true,"showImageEffects":true,"showParticleSystems":true,"showVisualEffectGraphs":true,"m_FxEnabled":true},"in2DMode":false,"pivot":{"x":559.7904052734375,"y":342.86126708984377,"z":-526.0285034179688},"rotation":{"x":-0.06468603760004044,"y":-0.056862469762563708,"z":0.003327343612909317,"w":-0.9963889718055725},"size":10.083456993103028,"orthographic":false}