{"cameraMode":{"drawMode":0,"name":"Shaded","section":"Shading Mode"},"sceneLighting":false,"audioPlay":false,"sceneViewState":{"m_AlwaysRefresh":false,"showFog":true,"showSkybox":false,"showFlares":true,"showImageEffects":true,"showParticleSystems":true,"showVisualEffectGraphs":true,"m_FxEnabled":true},"in2DMode":false,"pivot":{"x":7.152557373046875e-7,"y":-2.8735198974609377,"z":-0.07378028333187103},"rotation":{"x":0.20432588458061219,"y":0.02061937004327774,"z":-0.004457973409444094,"w":0.9787489175796509},"size":1.8944660425186158,"orthographic":false}