{"cameraMode":{"drawMode":0,"name":"Shaded","section":"Shading Mode"},"sceneLighting":true,"audioPlay":false,"sceneViewState":{"m_AlwaysRefresh":false,"showFog":true,"showSkybox":true,"showFlares":true,"showImageEffects":true,"showParticleSystems":true,"showVisualEffectGraphs":true,"m_FxEnabled":true},"in2DMode":false,"pivot":{"x":8.850278854370118,"y":-8.701048851013184,"z":58.73421096801758},"rotation":{"x":0.11089324206113816,"y":0.058420855551958087,"z":-0.006468236446380615,"w":0.9921227097511292},"size":36.52391052246094,"orthographic":false}