{"cameraMode":{"drawMode":0,"name":"Shaded","section":"Shading Mode"},"sceneLighting":true,"audioPlay":false,"sceneViewState":{"m_AlwaysRefresh":false,"showFog":true,"showSkybox":true,"showFlares":true,"showImageEffects":true,"showParticleSystems":true,"showVisualEffectGraphs":true,"m_FxEnabled":true},"in2DMode":false,"pivot":{"x":-17.260408401489259,"y":5.156954288482666,"z":19.40671730041504},"rotation":{"x":0.09130661934614182,"y":-0.19902117550373078,"z":0.01858232542872429,"w":0.9755907654762268},"size":12.102191925048829,"orthographic":false}