{"cameraMode":{"drawMode":0,"name":"Shaded","section":"Shading Mode"},"sceneLighting":true,"audioPlay":false,"sceneViewState":{"m_AlwaysRefresh":false,"showFog":true,"showSkybox":true,"showFlares":true,"showImageEffects":true,"showParticleSystems":true,"showVisualEffectGraphs":true,"m_FxEnabled":true},"in2DMode":false,"pivot":{"x":3.0284178256988527,"y":5.41204833984375,"z":-10.86330795288086},"rotation":{"x":-0.060978952795267108,"y":0.12215656042098999,"z":-0.007733441889286041,"w":-0.990684986114502},"size":1.0550782680511475,"orthographic":false}