{"cameraMode":{"drawMode":0,"name":"Shaded","section":"Shading Mode"},"sceneLighting":false,"audioPlay":false,"sceneViewState":{"m_AlwaysRefresh":false,"showFog":false,"showSkybox":false,"showFlares":false,"showImageEffects":false,"showParticleSystems":false,"showVisualEffectGraphs":true,"m_FxEnabled":true},"in2DMode":false,"pivot":{"x":-0.35852789878845217,"y":3.482720136642456,"z":-6.3594136238098148},"rotation":{"x":-0.0001946066622622311,"y":0.9994513988494873,"z":-0.03299688920378685,"w":-0.012611796148121357},"size":4.332246780395508,"orthographic":false}