{"cameraMode":{"drawMode":0,"name":"Shaded","section":"Shading Mode"},"sceneLighting":true,"audioPlay":false,"sceneViewState":{"m_AlwaysRefresh":false,"showFog":false,"showSkybox":false,"showFlares":false,"showImageEffects":false,"showParticleSystems":false,"showVisualEffectGraphs":true,"m_FxEnabled":true},"in2DMode":false,"pivot":{"x":246.52943420410157,"y":183.9578857421875,"z":1206.4073486328125},"rotation":{"x":0.25497832894325259,"y":0.08720104396343231,"z":-0.023054024204611779,"w":0.9627441763877869},"size":530.5109252929688,"orthographic":false}